{"experiments":{"bug-1655185-pref-topsites-redirect-launch-us-v5-release-80-80":{"slug":"bug-1655185-pref-topsites-redirect-launch-us-v5-release-80-80","actionName":"PreferenceExperimentAction","branch":"control","expired":true,"lastSeen":"2020-10-07T14:54:13.103Z","preferences":{"browser.newtabpage.searchTileOverride.amazon.url.dummy":{"preferenceType":"integer","preferenceValue":1,"preferenceBranchType":"default","previousPreferenceValue":null,"overridden":true},"browser.newtabpage.searchTileOverride.amazon.attributionURL.dummy":{"preferenceType":"integer","preferenceValue":1,"preferenceBranchType":"default","previousPreferenceValue":null,"overridden":true}},"experimentType":"exp","userFacingName":"TopSites Redirect Launch US v5","userFacingDescription":"TopSites Redirect Launch","enrollmentId":"__NO_ENROLLMENT_ID__"},"bug-1665467-pref-shirley-omnibus-experiment-release-81-82":{"slug":"bug-1665467-pref-shirley-omnibus-experiment-release-81-82","actionName":"PreferenceExperimentAction","branch":"omnibus-treatment","expired":true,"lastSeen":"2020-10-07T14:54:13.526Z","preferences":{"pdfjs.renderInteractiveForms":{"preferenceType":"boolean","preferenceValue":true,"preferenceBranchType":"default","previousPreferenceValue":false,"overridden":true},"extensions.formautofill.creditCards.hideui":{"preferenceType":"boolean","preferenceValue":false,"preferenceBranchType":"default","previousPreferenceValue":false,"overridden":false},"extensions.formautofill.creditCards.enabled":{"preferenceType":"boolean","preferenceValue":true,"preferenceBranchType":"default","previousPreferenceValue":false,"overridden":false},"extensions.formautofill.creditCards.available":{"preferenceType":"boolean","preferenceValue":true,"preferenceBranchType":"default","previousPreferenceValue":false,"overridden":false},"security.bad_cert_domain_error.url_fix_enabled":{"preferenceType":"boolean","preferenceValue":true,"preferenceBranchType":"default","previousPreferenceValue":false,"overridden":false},"browser.migrate.showBookmarksToolbarAfterMigration":{"preferenceType":"boolean","preferenceValue":true,"preferenceBranchType":"default","previousPreferenceValue":false,"overridden":false},"media.videocontrols.picture-in-picture.video-toggle.mode":{"preferenceType":"integer","preferenceValue":2,"preferenceBranchType":"default","previousPreferenceValue":-1,"overridden":true},"security.remote_settings.intermediates.downloads_per_poll":{"preferenceType":"integer","preferenceValue":3000,"preferenceBranchType":"default","previousPreferenceValue":100,"overridden":true}},"experimentType":"exp","userFacingName":"Shirley Omnibus experiment","userFacingDescription":"  Experiment intended to measure new user retention impact of the Firefox 81 changes","enrollmentId":"__NO_ENROLLMENT_ID__"}}}